files_startswith_n02105505,files_startswith_n02101006
n0210550500000430.jpg,n0210100600001098.jpg
n0210550500000773.jpg,n0210100600000822.jpg
n0210550500000661.jpg,n0210100600001103.jpg
n0210550500001284.jpg,n0210100600001292.jpg
n0210550500000600.jpg,n0210100600000231.jpg
n0210550500000068.jpg,n0210100600000742.jpg
n0210550500000717.jpg,n0210100600001156.jpg
n0210550500000724.jpg,n0210100600000209.jpg
n0210550500001020.jpg,n0210100600000569.jpg
n0210550500000995.jpg,n0210100600001055.jpg
n0210550500000245.jpg,n0210100600000683.jpg
n0210550500000808.jpg,n0210100600000365.jpg
n0210550500000764.jpg,n0210100600000582.jpg
n0210550500000775.jpg,n0210100600001206.jpg
n0210550500000084.jpg,n0210100600000501.jpg
n0210550500000225.jpg,n0210100600000837.jpg
n0210550500001023.jpg,n0210100600000777.jpg
n0210550500001064.jpg,n0210100600000176.jpg
n0210550500001080.jpg,n0210100600000097.jpg
n0210550500001255.jpg,n0210100600000992.jpg
n0210550500000377.jpg,n0210100600000909.jpg
n0210550500001220.jpg,n0210100600000867.jpg
n0210550500000905.jpg,n0210100600001066.jpg
n0210550500000464.jpg,n0210100600000055.jpg
n0210550500000336.jpg,n0210100600000435.jpg
n0210550500000426.jpg,n0210100600001214.jpg
n0210550500000182.jpg,n0210100600001170.jpg
n0210550500000093.jpg,n0210100600000337.jpg
n0210550500000089.jpg,n0210100600000507.jpg
n0210550500001227.jpg,n0210100600000094.jpg
n0210550500000178.jpg,n0210100600000530.jpg
n0210550500000736.jpg,n0210100600001087.jpg
n0210550500000730.jpg,n0210100600000577.jpg
n0210550500000079.jpg,n0210100600000535.jpg
n0210550500001163.jpg,n0210100600001187.jpg
n0210550500001027.jpg,n0210100600000030.jpg
n0210550500000829.jpg,n0210100600001143.jpg
n0210550500000350.jpg,n0210100600000625.jpg
n0210550500001221.jpg,n0210100600000145.jpg
n0210550500000597.jpg,n0210100600000844.jpg
n0210550500000956.jpg,n0210100600000072.jpg
n0210550500000663.jpg,n0210100600000416.jpg
n0210550500000019.jpg,n0210100600000009.jpg
n0210550500000548.jpg,n0210100600000983.jpg
n0210550500000440.jpg,n0210100600000738.jpg
n0210550500000164.jpg,n0210100600000841.jpg
n0210550500000707.jpg,n0210100600000904.jpg
n0210550500000549.jpg,n0210100600000567.jpg
n0210550500000046.jpg,n0210100600000296.jpg
n0210550500001193.jpg,n0210100600000980.jpg
n0210550500000987.jpg,n0210100600000496.jpg
n0210550500000054.jpg,n0210100600000862.jpg
n0210550500000746.jpg,n0210100600000726.jpg
n0210550500000731.jpg,n0210100600000573.jpg
n0210550500001196.jpg,n0210100600000599.jpg
n0210550500001009.jpg,n0210100600000672.jpg
n0210550500000448.jpg,n0210100600000101.jpg
n0210550500001153.jpg,n0210100600000611.jpg
n0210550500000881.jpg,n0210100600000205.jpg
n0210550500000582.jpg,n0210100600000348.jpg
n0210550500000960.jpg,n0210100600000106.jpg
n0210550500000324.jpg,n0210100600000075.jpg
n0210550500000172.jpg,n0210100600000118.jpg
n0210550500001247.jpg,n0210100600000036.jpg
n0210550500000104.jpg,n0210100600000116.jpg
n0210550500000698.jpg,n0210100600000222.jpg
n0210550500001298.jpg,n0210100600001287.jpg
n0210550500000935.jpg,n0210100600000244.jpg
n0210550500001084.jpg,n0210100600000891.jpg
n0210550500001205.jpg,n0210100600000846.jpg
n0210550500000728.jpg,n0210100600000190.jpg
n0210550500000835.jpg,n0210100600000450.jpg
n0210550500000287.jpg,n0210100600000505.jpg
n0210550500000862.jpg,n0210100600001117.jpg
n0210550500000767.jpg,n0210100600000269.jpg
n0210550500001275.jpg,n0210100600000400.jpg
n0210550500001244.jpg,n0210100600000542.jpg
n0210550500000184.jpg,n0210100600000498.jpg
n0210550500000311.jpg,n0210100600000556.jpg
n0210550500000352.jpg,n0210100600000850.jpg
n0210550500001060.jpg,n0210100600000622.jpg
n0210550500000237.jpg,n0210100600000201.jpg
n0210550500000146.jpg,n0210100600000170.jpg
n0210550500000778.jpg,n0210100600000760.jpg
n0210550500000870.jpg,n0210100600000532.jpg
n0210550500000198.jpg,n0210100600000487.jpg
n0210550500000041.jpg,n0210100600000071.jpg
n0210550500001041.jpg,n0210100600000897.jpg
n0210550500000598.jpg,n0210100600000475.jpg
n0210550500000933.jpg,n0210100600000343.jpg
n0210550500001145.jpg,n0210100600001062.jpg
n0210550500000896.jpg,n0210100600000259.jpg
n0210550500000647.jpg,n0210100600000797.jpg
n0210550500000160.jpg,n0210100600001181.jpg
n0210550500000247.jpg,n0210100600000114.jpg
n0210550500000777.jpg,n0210100600000930.jpg
n0210550500001054.jpg,n0210100600000620.jpg
n0210550500000521.jpg,n0210100600000935.jpg
n0210550500000059.jpg,n0210100600001180.jpg
n0210550500000436.jpg,n0210100600001168.jpg
n0210550500000022.jpg,n0210100600000725.jpg
n0210550500000356.jpg,n0210100600000998.jpg
n0210550500000697.jpg,n0210100600001000.jpg
n0210550500001288.jpg,n0210100600000564.jpg
n0210550500000048.jpg,n0210100600000684.jpg
n0210550500000689.jpg,n0210100600000363.jpg
n0210550500001090.jpg,n0210100600001163.jpg
n0210550500000798.jpg,n0210100600000265.jpg
n0210550500001233.jpg,n0210100600001005.jpg
n0210550500000024.jpg,n0210100600000431.jpg
n0210550500000747.jpg,n0210100600000398.jpg
n0210550500000053.jpg,n0210100600000937.jpg
n0210550500000065.jpg,n0210100600000668.jpg
n0210550500000374.jpg,n0210100600000633.jpg
n0210550500000735.jpg,n0210100600001239.jpg
n0210550500000246.jpg,n0210100600000576.jpg
n0210550500000596.jpg,n0210100600001240.jpg
n0210550500000326.jpg,n0210100600001252.jpg
n0210550500000562.jpg,n0210100600001109.jpg
n0210550500000495.jpg,n0210100600000241.jpg
n0210550500000192.jpg,n0210100600000675.jpg
n0210550500001200.jpg,n0210100600000851.jpg
n0210550500000888.jpg,n0210100600000309.jpg
n0210550500000194.jpg,n0210100600000415.jpg
n0210550500000916.jpg,n0210100600000058.jpg
n0210550500000385.jpg,n0210100600000795.jpg
n0210550500000248.jpg,n0210100600000801.jpg
n0210550500000409.jpg,n0210100600000857.jpg
n0210550500000890.jpg,n0210100600001294.jpg
n0210550500001019.jpg,n0210100600000282.jpg
n0210550500000897.jpg,n0210100600000789.jpg
n0210550500001258.jpg,n0210100600001203.jpg
n0210550500000148.jpg,n0210100600001295.jpg
n0210550500001004.jpg,n0210100600000984.jpg
n0210550500000463.jpg,n0210100600000113.jpg
n0210550500000642.jpg,n0210100600000048.jpg
n0210550500000461.jpg,n0210100600000641.jpg
n0210550500000332.jpg,n0210100600000197.jpg
n0210550500000749.jpg,n0210100600000235.jpg
n0210550500000594.jpg,n0210100600000221.jpg
n0210550500001021.jpg,n0210100600000721.jpg
n0210550500000757.jpg,n0210100600000260.jpg
n0210550500000475.jpg,n0210100600000504.jpg
n0210550500000550.jpg,n0210100600000612.jpg
n0210550500000865.jpg,n0210100600001122.jpg
n0210550500000780.jpg,n0210100600001300.jpg
n0210550500000559.jpg,n0210100600000275.jpg
n0210550500000904.jpg,n0210100600000906.jpg
n0210550500001224.jpg,n0210100600000774.jpg
n0210550500000714.jpg,n0210100600000466.jpg
n0210550500000628.jpg,n0210100600000317.jpg
n0210550500000327.jpg,n0210100600000886.jpg
n0210550500000477.jpg,n0210100600000417.jpg
n0210550500000946.jpg,n0210100600000740.jpg
n0210550500000783.jpg,n0210100600001063.jpg
n0210550500001267.jpg,n0210100600000300.jpg
n0210550500000090.jpg,n0210100600000516.jpg
n0210550500000318.jpg,n0210100600000816.jpg
n0210550500000848.jpg,n0210100600000203.jpg
n0210550500000948.jpg,n0210100600000328.jpg
n0210550500000793.jpg,n0210100600001175.jpg
n0210550500000534.jpg,n0210100600000107.jpg
n0210550500000506.jpg,n0210100600001211.jpg
n0210550500000117.jpg,n0210100600000006.jpg
n0210550500000863.jpg,n0210100600000017.jpg
n0210550500000750.jpg,n0210100600000654.jpg
n0210550500000792.jpg,n0210100600001153.jpg
n0210550500000360.jpg,n0210100600000865.jpg
n0210550500000611.jpg,n0210100600000861.jpg
n0210550500000366.jpg,n0210100600001044.jpg
n0210550500001048.jpg,n0210100600000401.jpg
n0210550500000606.jpg,n0210100600000147.jpg
n0210550500000391.jpg,n0210100600000646.jpg
n0210550500000181.jpg,n0210100600000096.jpg
n0210550500000128.jpg,n0210100600001017.jpg
n0210550500001109.jpg,n0210100600000434.jpg
n0210550500000502.jpg,n0210100600001188.jpg
n0210550500001095.jpg,n0210100600000015.jpg
n0210550500000378.jpg,n0210100600000407.jpg
n0210550500000579.jpg,n0210100600001151.jpg
n0210550500000712.jpg,n0210100600000025.jpg
n0210550500000997.jpg,n0210100600000791.jpg
n0210550500000974.jpg,n0210100600000472.jpg
n0210550500000626.jpg,n0210100600000093.jpg
n0210550500001238.jpg,n0210100600000371.jpg
n0210550500000619.jpg,n0210100600000991.jpg
n0210550500000761.jpg,n0210100600000247.jpg
n0210550500000134.jpg,n0210100600000306.jpg
n0210550500000171.jpg,n0210100600000702.jpg
n0210550500000498.jpg,n0210100600000656.jpg
n0210550500000290.jpg,n0210100600001119.jpg
n0210550500000659.jpg,n0210100600001232.jpg
n0210550500000511.jpg,n0210100600000210.jpg
n0210550500000608.jpg,n0210100600000410.jpg
n0210550500001087.jpg,n0210100600000069.jpg
n0210550500001024.jpg,n0210100600000132.jpg
n0210550500000137.jpg,n0210100600000010.jpg
n0210550500000029.jpg,n0210100600000893.jpg
n0210550500000962.jpg,n0210100600001207.jpg
n0210550500001096.jpg,n0210100600000509.jpg
n0210550500000672.jpg,n0210100600000457.jpg
n0210550500000849.jpg,n0210100600000117.jpg
n0210550500000302.jpg,n0210100600000513.jpg
n0210550500000373.jpg,n0210100600000026.jpg
n0210550500000604.jpg,n0210100600000634.jpg
n0210550500001257.jpg,n0210100600001127.jpg
n0210550500000653.jpg,n0210100600000746.jpg
n0210550500001141.jpg,n0210100600000908.jpg
n0210550500000043.jpg,n0210100600000869.jpg
n0210550500000650.jpg,n0210100600001116.jpg
n0210550500000155.jpg,n0210100600001243.jpg
n0210550500000127.jpg,n0210100600000404.jpg
n0210550500001236.jpg,n0210100600001238.jpg
n0210550500000715.jpg,n0210100600000139.jpg
n0210550500001300.jpg,n0210100600000252.jpg
n0210550500001147.jpg,n0210100600001212.jpg
n0210550500000017.jpg,n0210100600000619.jpg
n0210550500000008.jpg,n0210100600000108.jpg
n0210550500000244.jpg,n0210100600001045.jpg
n0210550500001003.jpg,n0210100600000745.jpg
n0210550500000861.jpg,n0210100600001101.jpg
n0210550500001280.jpg,n0210100600000876.jpg
n0210550500000947.jpg,n0210100600000949.jpg
n0210550500000129.jpg,n0210100600000602.jpg
n0210550500000884.jpg,n0210100600000322.jpg
n0210550500000175.jpg,n0210100600001080.jpg
n0210550500000820.jpg,n0210100600000385.jpg
n0210550500000595.jpg,n0210100600001191.jpg
n0210550500000649.jpg,n0210100600000245.jpg
n0210550500000062.jpg,n0210100600001267.jpg
n0210550500001112.jpg,n0210100600000249.jpg
n0210550500000193.jpg,n0210100600001160.jpg
n0210550500001217.jpg,n0210100600000707.jpg
n0210550500001251.jpg,n0210100600000723.jpg
n0210550500001222.jpg,n0210100600000029.jpg
n0210550500000560.jpg,n0210100600000541.jpg
n0210550500000406.jpg,n0210100600000934.jpg
n0210550500001138.jpg,n0210100600001031.jpg
n0210550500000543.jpg,n0210100600000179.jpg
n0210550500001282.jpg,n0210100600000095.jpg
n0210550500000958.jpg,n0210100600000354.jpg
n0210550500000950.jpg,n0210100600001121.jpg
n0210550500000822.jpg,n0210100600000449.jpg
n0210550500000818.jpg,n0210100600000002.jpg
n0210550500000456.jpg,n0210100600001284.jpg
n0210550500001104.jpg,n0210100600001164.jpg
n0210550500001022.jpg,n0210100600000503.jpg
n0210550500000234.jpg,n0210100600000647.jpg
n0210550500000910.jpg,n0210100600000932.jpg
n0210550500000298.jpg,n0210100600000146.jpg
n0210550500000992.jpg,n0210100600000820.jpg
n0210550500000083.jpg,n0210100600000119.jpg
n0210550500001107.jpg,n0210100600000389.jpg
n0210550500000679.jpg,n0210100600001061.jpg
n0210550500000007.jpg,n0210100600001033.jpg
n0210550500000474.jpg,n0210100600000092.jpg
n0210550500000528.jpg,n0210100600000104.jpg
n0210550500000174.jpg,n0210100600000798.jpg
n0210550500000610.jpg,n0210100600000630.jpg
n0210550500001264.jpg,n0210100600000529.jpg
n0210550500000388.jpg,n0210100600000966.jpg
n0210550500000605.jpg,n0210100600001231.jpg
n0210550500000405.jpg,n0210100600001144.jpg
n0210550500000176.jpg,n0210100600000298.jpg
n0210550500001117.jpg,n0210100600000920.jpg
n0210550500000872.jpg,n0210100600000627.jpg
n0210550500000774.jpg,n0210100600000979.jpg
n0210550500000705.jpg,n0210100600000274.jpg
n0210550500000252.jpg,n0210100600000192.jpg
n0210550500000205.jpg,n0210100600000381.jpg
n0210550500000925.jpg,n0210100600000586.jpg
n0210550500000274.jpg,n0210100600001245.jpg
n0210550500000094.jpg,n0210100600001096.jpg
n0210550500000826.jpg,n0210100600000941.jpg
n0210550500000573.jpg,n0210100600000610.jpg
n0210550500000769.jpg,n0210100600000563.jpg
n0210550500001185.jpg,n0210100600000761.jpg
n0210550500000803.jpg,n0210100600000596.jpg
n0210550500000173.jpg,n0210100600001020.jpg
n0210550500000347.jpg,n0210100600000161.jpg
n0210550500000003.jpg,n0210100600001051.jpg
n0210550500000985.jpg,n0210100600000187.jpg
n0210550500000977.jpg,n0210100600001263.jpg
n0210550500000510.jpg,n0210100600000963.jpg
n0210550500000422.jpg,n0210100600000208.jpg
n0210550500000331.jpg,n0210100600000773.jpg
n0210550500000879.jpg,n0210100600000967.jpg
n0210550500001133.jpg,n0210100600000775.jpg
n0210550500001256.jpg,n0210100600000073.jpg
n0210550500001037.jpg,n0210100600000195.jpg
n0210550500001156.jpg,n0210100600000958.jpg
n0210550500000224.jpg,n0210100600000705.jpg
n0210550500000151.jpg,n0210100600000951.jpg
n0210550500000468.jpg,n0210100600000643.jpg
n0210550500000482.jpg,n0210100600000330.jpg
n0210550500000800.jpg,n0210100600000511.jpg
n0210550500000702.jpg,n0210100600000730.jpg
n0210550500000760.jpg,n0210100600000477.jpg
n0210550500001130.jpg,n0210100600000639.jpg
n0210550500001039.jpg,n0210100600000985.jpg
n0210550500000437.jpg,n0210100600000045.jpg
n0210550500001186.jpg,n0210100600001286.jpg
n0210550500000756.jpg,n0210100600000788.jpg
n0210550500000557.jpg,n0210100600001105.jpg
n0210550500000278.jpg,n0210100600000574.jpg
n0210550500000159.jpg,n0210100600000110.jpg
n0210550500001007.jpg,n0210100600000458.jpg
n0210550500001166.jpg,n0210100600001198.jpg
n0210550500001063.jpg,n0210100600000661.jpg
n0210550500001237.jpg,n0210100600000649.jpg
n0210550500000957.jpg,n0210100600000031.jpg
n0210550500001277.jpg,n0210100600000859.jpg
n0210550500000479.jpg,n0210100600000043.jpg
n0210550500000927.jpg,n0210100600000098.jpg
n0210550500000844.jpg,n0210100600000588.jpg
n0210550500000424.jpg,n0210100600000918.jpg
n0210550500000009.jpg,n0210100600001271.jpg
n0210550500000107.jpg,n0210100600000165.jpg
n0210550500000376.jpg,n0210100600000115.jpg
n0210550500000919.jpg,n0210100600000772.jpg
n0210550500000489.jpg,n0210100600000053.jpg
n0210550500000613.jpg,n0210100600001073.jpg
n0210550500000002.jpg,n0210100600000531.jpg
n0210550500000807.jpg,n0210100600000193.jpg
n0210550500000018.jpg,n0210100600000794.jpg
n0210550500001074.jpg,n0210100600000575.jpg
n0210550500000625.jpg,n0210100600000358.jpg
n0210550500000021.jpg,n0210100600000560.jpg
n0210550500001057.jpg,n0210100600000394.jpg
n0210550500000345.jpg,n0210100600000538.jpg
n0210550500000455.jpg,n0210100600000140.jpg
n0210550500001212.jpg,n0210100600001016.jpg
n0210550500000185.jpg,n0210100600000855.jpg
n0210550500000297.jpg,n0210100600001129.jpg
n0210550500001053.jpg,n0210100600001107.jpg
n0210550500001179.jpg,n0210100600001014.jpg
n0210550500000186.jpg,n0210100600000948.jpg
n0210550500001151.jpg,n0210100600000673.jpg
n0210550500000630.jpg,n0210100600001126.jpg
n0210550500000964.jpg,n0210100600001257.jpg
n0210550500000142.jpg,n0210100600000722.jpg
n0210550500000337.jpg,n0210100600000871.jpg
n0210550500001106.jpg,n0210100600000323.jpg
n0210550500000195.jpg,n0210100600000915.jpg
n0210550500000209.jpg,n0210100600000331.jpg
n0210550500001110.jpg,n0210100600000520.jpg
n0210550500000075.jpg,n0210100600001253.jpg
n0210550500000989.jpg,n0210100600001266.jpg
n0210550500000329.jpg,n0210100600001173.jpg
n0210550500000125.jpg,n0210100600000982.jpg
n0210550500000458.jpg,n0210100600000540.jpg
n0210550500000645.jpg,n0210100600000719.jpg
n0210550500000937.jpg,n0210100600000971.jpg
n0210550500000427.jpg,n0210100600000451.jpg
n0210550500001296.jpg,n0210100600001182.jpg
n0210550500000064.jpg,n0210100600000753.jpg
n0210550500001253.jpg,n0210100600000044.jpg
n0210550500001144.jpg,n0210100600000810.jpg
n0210550500000001.jpg,n0210100600000976.jpg
n0210550500000632.jpg,n0210100600000042.jpg
n0210550500000183.jpg,n0210100600001060.jpg
n0210550500000057.jpg,n0210100600000001.jpg
n0210550500000547.jpg,n0210100600000446.jpg
n0210550500000130.jpg,n0210100600000034.jpg
n0210550500000674.jpg,n0210100600000414.jpg
n0210550500000420.jpg,n0210100600000051.jpg
n0210550500000704.jpg,n0210100600000155.jpg
n0210550500000503.jpg,n0210100600000781.jpg
n0210550500000685.jpg,n0210100600000928.jpg
n0210550500000099.jpg,n0210100600001255.jpg
n0210550500000864.jpg,n0210100600000640.jpg
n0210550500000042.jpg,n0210100600000642.jpg
n0210550500001015.jpg,n0210100600000608.jpg
n0210550500000180.jpg,n0210100600000579.jpg
n0210550500000204.jpg,n0210100600001288.jpg
n0210550500001286.jpg,n0210100600001165.jpg
n0210550500000886.jpg,n0210100600001251.jpg
n0210550500000799.jpg,n0210100600000177.jpg
n0210550500000859.jpg,n0210100600000061.jpg
n0210550500001040.jpg,n0210100600000062.jpg
n0210550500001038.jpg,n0210100600000868.jpg
n0210550500000472.jpg,n0210100600000800.jpg
n0210550500000370.jpg,n0210100600001124.jpg
n0210550500000876.jpg,n0210100600000803.jpg
n0210550500000759.jpg,n0210100600000545.jpg
n0210550500001111.jpg,n0210100600000669.jpg
n0210550500000742.jpg,n0210100600000316.jpg
n0210550500000114.jpg,n0210100600000308.jpg
n0210550500000603.jpg,n0210100600000716.jpg
n0210550500000539.jpg,n0210100600000771.jpg
n0210550500000238.jpg,n0210100600001004.jpg
n0210550500000733.jpg,n0210100600000629.jpg
n0210550500000976.jpg,n0210100600001256.jpg
n0210550500001203.jpg,n0210100600000239.jpg
n0210550500000112.jpg,n0210100600000022.jpg
n0210550500000768.jpg,n0210100600000632.jpg
n0210550500000917.jpg,n0210100600000589.jpg
n0210550500001149.jpg,n0210100600000762.jpg
n0210550500000665.jpg,n0210100600000150.jpg
n0210550500001006.jpg,n0210100600001092.jpg
n0210550500001121.jpg,n0210100600000787.jpg
n0210550500000553.jpg,n0210100600000994.jpg
n0210550500000431.jpg,n0210100600000562.jpg
n0210550500000283.jpg,n0210100600001242.jpg
n0210550500000732.jpg,n0210100600000695.jpg
n0210550500001273.jpg,n0210100600001088.jpg
n0210550500000999.jpg,n0210100600001082.jpg
n0210550500000968.jpg,n0210100600000230.jpg
n0210550500000980.jpg,n0210100600000144.jpg
n0210550500000701.jpg,n0210100600000438.jpg
n0210550500000629.jpg,n0210100600000590.jpg
n0210550500000569.jpg,n0210100600000782.jpg
n0210550500000615.jpg,n0210100600001290.jpg
n0210550500000953.jpg,n0210100600001177.jpg
n0210550500000513.jpg,n0210100600001093.jpg
n0210550500001002.jpg,n0210100600000102.jpg
n0210550500000941.jpg,n0210100600000432.jpg
n0210550500001262.jpg,n0210100600000495.jpg
n0210550500000453.jpg,n0210100600000447.jpg
n0210550500000140.jpg,n0210100600000736.jpg
n0210550500000369.jpg,n0210100600000849.jpg
n0210550500000168.jpg,n0210100600000329.jpg
n0210550500001029.jpg,n0210100600000825.jpg
n0210550500000365.jpg,n0210100600000492.jpg
n0210550500000401.jpg,n0210100600000601.jpg
n0210550500000257.jpg,n0210100600000648.jpg
n0210550500000092.jpg,n0210100600000754.jpg
n0210550500000748.jpg,n0210100600000628.jpg
n0210550500000459.jpg,n0210100600000238.jpg
n0210550500000260.jpg,n0210100600000748.jpg
n0210550500000118.jpg,n0210100600001142.jpg
n0210550500000509.jpg,n0210100600000502.jpg
n0210550500000105.jpg,n0210100600001222.jpg
n0210550500000978.jpg,n0210100600000345.jpg
n0210550500000124.jpg,n0210100600000826.jpg
n0210550500000051.jpg,n0210100600000919.jpg
n0210550500000040.jpg,n0210100600000944.jpg
n0210550500000115.jpg,n0210100600000142.jpg
n0210550500000218.jpg,n0210100600000212.jpg
n0210550500000400.jpg,n0210100600001172.jpg
n0210550500000361.jpg,n0210100600000924.jpg
n0210550500000694.jpg,n0210100600000727.jpg
n0210550500000425.jpg,n0210100600000537.jpg
n0210550500001137.jpg,n0210100600000653.jpg
n0210550500000067.jpg,n0210100600000827.jpg
n0210550500000270.jpg,n0210100600000518.jpg
n0210550500000141.jpg,n0210100600001134.jpg
n0210550500000398.jpg,n0210100600000338.jpg
n0210550500000936.jpg,n0210100600001299.jpg
n0210550500001089.jpg,n0210100600000261.jpg
n0210550500000831.jpg,n0210100600000433.jpg
n0210550500000680.jpg,n0210100600000439.jpg
n0210550500000262.jpg,n0210100600001139.jpg
n0210550500001050.jpg,n0210100600000318.jpg
n0210550500000806.jpg,n0210100600000526.jpg
n0210550500000122.jpg,n0210100600000715.jpg
n0210550500001158.jpg,n0210100600000689.jpg
n0210550500000853.jpg,n0210100600000007.jpg
n0210550500001028.jpg,n0210100600000499.jpg
n0210550500000726.jpg,n0210100600000938.jpg
n0210550500000390.jpg,n0210100600000977.jpg
n0210550500000010.jpg,n0210100600000469.jpg
n0210550500000394.jpg,n0210100600000406.jpg
n0210550500000581.jpg,n0210100600000206.jpg
n0210550500001234.jpg,n0210100600000279.jpg
n0210550500000932.jpg,n0210100600001247.jpg
n0210550500000797.jpg,n0210100600000067.jpg
n0210550500001055.jpg,n0210100600000186.jpg
n0210550500000073.jpg,n0210100600000310.jpg
n0210550500000314.jpg,n0210100600000945.jpg
n0210550500000762.jpg,n0210100600000327.jpg
n0210550500000677.jpg,n0210100600000126.jpg
n0210550500000116.jpg,n0210100600000379.jpg
n0210550500000166.jpg,n0210100600000616.jpg
n0210550500000931.jpg,n0210100600000027.jpg
n0210550500000537.jpg,n0210100600000382.jpg
n0210550500000515.jpg,n0210100600001135.jpg
n0210550500000827.jpg,n0210100600000662.jpg
n0210550500000111.jpg,n0210100600000123.jpg
n0210550500000217.jpg,n0210100600000566.jpg
n0210550500000843.jpg,n0210100600001230.jpg
n0210550500000179.jpg,n0210100600000091.jpg
n0210550500000688.jpg,n0210100600000811.jpg
n0210550500000902.jpg,n0210100600000840.jpg
n0210550500000794.jpg,n0210100600001216.jpg
n0210550500001281.jpg,n0210100600001179.jpg
n0210550500000709.jpg,n0210100600000393.jpg
n0210550500000372.jpg,n0210100600001013.jpg
n0210550500000047.jpg,n0210100600000168.jpg
n0210550500000403.jpg,n0210100600001166.jpg
n0210550500000152.jpg,n0210100600000853.jpg
n0210550500000328.jpg,n0210100600001059.jpg
n0210550500000070.jpg,n0210100600000341.jpg
n0210550500001283.jpg,n0210100600000109.jpg
n0210550500001182.jpg,n0210100600001072.jpg
n0210550500000624.jpg,n0210100600000254.jpg
n0210550500000280.jpg,n0210100600000281.jpg
n0210550500000834.jpg,n0210100600001056.jpg
n0210550500000470.jpg,n0210100600000712.jpg
n0210550500000096.jpg,n0210100600000696.jpg
